lemma,ngsl_rank,sfi,adjusted_frequency_per_million,hai_familiarity_band
the,1,87.85,60910,a
be,2,86.86,48575,a
and,3,84.88,30789,a
of,4,84.79,30126,a
to,5,84.66,29272,a
a,6,84.45,27872,a
in,7,83.25,21142,a
have,8,81.53,14210,a
it,9,81.39,13772,a
you,10,81.08,12810,a
he,11,80.42,11017,a
for,12,80.01,10025,a
they,13,79.9,9764,a
not,14,79.77,9494,a
that,15,79.37,8653,a
we,16,79.24,8401,a
on,17,78.9,7763,a
with,18,78.68,7381,a
this,19,78.45,7003,a
I,20,78.34,6820,a
do,21,78.33,6802,a
as,22,78.29,6747,a
at,23,77.46,5570,a
she,24,77.16,5195,a
but,25,77.06,5087,a
from,26,76.63,4598,a
by,27,76.36,4323,a
will,28,76.23,4195,a
or,29,76.09,4060,a
say,30,75.35,3425,a
go,31,75.13,3260,a
so,32,75.09,3227,a
all,33,75.02,3175,a
if,34,74.78,3009,a
one,35,74.77,2997,a
would,36,74.77,2997,a
about,37,74.72,2967,a
can,38,74.61,2890,a
which,39,74.6,2886,a
there,40,74.5,2820,a
know,41,74.21,2634,a
more,42,74.2,2631,a
get,43,74.1,2573,a
who,44,74.04,2534,a
like,45,73.92,2465,a
when,46,73.86,2435,a
think,47,73.86,2433,a
make,48,73.73,2359,a
time,49,73.62,2302,a
see,50,73.48,2226,a
what,51,73.43,2204,a
up,52,73.32,2150,a
some,53,73.28,2130,a
other,54,73.22,2100,a
out,55,73.15,2064,a
good,56,73.09,2038,a
people,57,73.05,2019,a
year,58,72.9,1949,a
take,59,72.73,1873,a
no,60,72.68,1854,a
well,61,72.64,1835,a
because,62,72.61,1824,a
very,63,72.53,1792,a
just,64,72.43,1751,a
come,65,72.29,1694,a
could,66,72.27,1688,a
work,67,72.24,1674,a
use,68,72.19,1657,a
than,69,72.02,1591,a
now,70,71.94,1563,a
then,71,71.91,1554,a
also,72,71.91,1552,a
into,73,71.7,1477,a
only,74,71.69,1475,a
look,75,71.37,1370,a
want,76,71.31,1354,a
give,77,71.24,1332,a
first,78,71.21,1321,a
new,79,71.1,1290,a
way,80,71.07,1279,a
find,81,70.92,1236,a
over,82,70.92,1235,a
any,83,70.88,1224,a
after,84,70.83,1210,a
day,85,70.75,1187,a
where,86,70.75,1187,a
thing,87,70.65,1161,a
most,88,70.59,1146,a
should,89,70.54,1132,a
need,90,70.53,1129,a
much,91,70.51,1125,a
right,92,70.47,1113,a
how,93,70.39,1093,a
back,94,70.22,1051,a
mean,95,70.09,1021,a
even,96,69.95,988,a
may,97,69.82,959,a
here,98,69.77,947,a
many,99,69.75,945,a
such,100,69.71,936,a
last,101,69.62,917,a
child,102,69.59,910,a
tell,103,69.55,901,a
really,104,69.4,870,a
call,105,69.39,869,a
before,106,69.29,849,a
company,107,69.25,842,a
through,108,69.23,838,a
down,109,69.21,833,a
show,110,69.18,827,a
life,111,69.09,812,a
man,112,69.07,807,a
change,113,69.02,799,a
place,114,69,795,a
long,115,68.98,791,a
between,116,68.94,784,a
feel,117,68.92,780,a
too,118,68.82,763,a
still,119,68.76,752,a
problem,120,68.65,733,a
write,121,68.65,732,a
same,122,68.58,721,a
lot,123,68.54,715,a
great,124,68.51,710,a
try,125,68.45,699,a
leave,126,68.44,699,a
number,127,68.44,698,a
both,128,68.42,695,a
own,129,68.4,693,a
part,130,68.4,692,a
point,131,68.35,684,a
little,132,68.33,681,a
help,133,68.32,680,a
ask,134,68.29,675,a
meet,135,68.26,671,a
start,136,68.26,669,a
talk,137,68.23,665,a
something,138,68.23,665,a
put,139,68.16,655,a
another,140,68.16,655,a
become,141,68.15,654,a
interest,142,68.15,653,a
country,143,68.15,653,a
old,144,68.11,647,a
each,145,68.1,646,a
school,146,68.05,638,a
late,147,68.05,638,a
high,148,68.04,637,a
different,149,68.03,636,a
off,150,68,630,a
next,151,67.92,620,a
end,152,67.92,619,a
live,153,67.84,608,a
why,154,67.83,607,a
while,155,67.77,598,a
world,156,67.76,597,a
week,157,67.75,596,a
play,158,67.73,593,a
might,159,67.68,587,a
must,160,67.68,586,a
home,161,67.67,585,a
never,162,67.63,580,a
include,163,67.6,575,a
course,164,67.6,575,a
house,165,67.57,572,a
report,166,67.56,570,a
group,167,67.55,569,a
case,168,67.55,569,a
woman,169,67.55,568,a
around,170,67.54,568,a
book,171,67.53,566,a
family,172,67.52,565,a
seem,173,67.5,562,a
let,174,67.44,555,a
again,175,67.44,554,a
kind,176,67.43,554,a
keep,177,67.41,551,a
hear,178,67.37,546,a
system,179,67.36,545,a
every,180,67.36,545,a
question,181,67.34,542,a
during,182,67.32,540,a
always,183,67.25,531,a
big,184,67.22,527,a
set,185,67.21,526,a
small,186,67.2,525,a
study,187,67.19,524,a
follow,188,67.17,521,a
begin,189,67.14,518,a
important,190,67.14,518,a
since,191,67.12,515,a
run,192,67.08,510,a
under,193,67.07,509,a
turn,194,67.07,509,a
few,195,67.07,509,a
bring,196,67,502,a
early,197,66.98,499,a
hand,198,66.97,497,a
state,199,66.94,494,a
move,200,66.93,493,a
money,201,66.92,492,a
fact,202,66.86,486,a
however,203,66.8,479,a
area,204,66.78,477,a
provide,205,66.78,476,a
name,206,66.74,472,a
read,207,66.73,471,a
friend,208,66.7,468,a
month,209,66.7,468,a
large,210,66.67,464,a
business,211,66.67,464,a
without,212,66.64,461,a
information,213,66.62,459,a
open,214,66.61,459,a
order,215,66.59,456,a
government,216,66.58,455,a
word,217,66.58,455,a
issue,218,66.56,453,a
market,219,66.53,450,a
pay,220,66.51,447,a
build,221,66.5,446,a
hold,222,66.45,442,a
service,223,66.44,440,a
against,224,66.39,436,a
believe,225,66.38,435,a
second,226,66.36,433,a
though,227,66.34,430,a
yes,228,66.33,430,a
love,229,66.3,427,a
increase,230,66.28,425,a
job,231,66.28,425,a
plan,232,66.28,425,a
result,233,66.27,424,a
away,234,66.27,424,a
example,235,66.24,420,a
happen,236,66.23,420,a
offer,237,66.21,418,a
young,238,66.2,417,a
close,239,66.19,416,a
program,240,66.17,414,a
lead,241,66.13,410,a
buy,242,66.07,405,a
understand,243,66.05,403,a
thank,244,66.01,399,a
far,245,66,398,a
today,246,65.94,392,a
hour,247,65.93,391,a
student,248,65.92,391,a
face,249,65.91,390,a
hope,250,65.89,388,a
idea,251,65.87,387,b
cost,252,65.86,386,b
less,253,65.86,385,b
room,254,65.85,385,b
until,255,65.83,383,b
reason,256,65.83,383,b
form,257,65.79,379,b
spend,258,65.78,378,b
head,259,65.77,378,b
car,260,65.77,377,b
learn,261,65.74,375,b
level,262,65.71,373,b
person,263,65.66,368,b
experience,264,65.63,365,b
once,265,65.62,365,b
member,266,65.61,364,b
enough,267,65.6,363,b
bad,268,65.59,363,b
city,269,65.59,362,b
night,270,65.58,361,b
able,271,65.57,361,b
support,272,65.55,359,b
whether,273,65.55,359,b
line,274,65.54,358,b
present,275,65.54,358,b
side,276,65.51,356,b
quite,277,65.5,354,b
although,278,65.46,351,b
sure,279,65.45,351,b
term,280,65.44,350,b
least,281,65.44,350,b
age,282,65.43,349,b
low,283,65.43,349,b
speak,284,65.42,348,b
within,285,65.4,347,b
process,286,65.4,346,b
public,287,65.35,343,b
often,288,65.33,341,b
train,289,65.29,338,b
possible,290,65.28,337,b
actually,291,65.28,337,b
rather,292,65.27,336,b
view,293,65.26,336,b
together,294,65.24,334,b
consider,295,65.24,334,b
price,296,65.14,327,b
parent,297,65.14,326,b
hard,298,65.12,325,b
party,299,65.08,322,b
local,300,65.06,321,b
control,301,65.05,320,b
already,302,65.02,318,b
concern,303,65.02,317,b
product,304,65.01,317,b
lose,305,65,316,b
story,306,64.98,315,b
almost,307,64.98,315,b
continue,308,64.96,314,b
stand,309,64.95,313,b
whole,310,64.95,313,b
yet,311,64.95,313,b
rate,312,64.94,312,b
care,313,64.93,311,b
expect,314,64.93,311,b
effect,315,64.93,311,b
sort,316,64.92,311,b
ever,317,64.92,311,b
anything,318,64.92,310,b
cause,319,64.9,309,b
fall,320,64.89,309,b
deal,321,64.89,309,b
water,322,64.87,307,b
send,323,64.86,306,b
allow,324,64.84,305,b
soon,325,64.84,304,b
watch,326,64.8,302,b
base,327,64.78,300,b
probably,328,64.75,299,b
suggest,329,64.74,298,b
past,330,64.73,297,b
power,331,64.72,296,b
test,332,64.71,296,b
visit,333,64.7,295,b
center,334,64.7,295,b
grow,335,64.69,294,b
nothing,336,64.68,294,b
return,337,64.68,294,b
mother,338,64.67,293,b
walk,339,64.63,291,b
matter,340,64.63,290,b
mind,341,64.62,290,b
value,342,64.61,289,b
office,343,64.59,288,b
record,344,64.59,287,b
stay,345,64.57,286,b
force,346,64.57,286,b
stop,347,64.55,285,b
several,348,64.54,285,b
light,349,64.53,284,b
develop,350,64.51,282,b
remember,351,64.5,282,b
bit,352,64.49,281,b
share,353,64.48,281,b
real,354,64.47,280,b
answer,355,64.46,279,b
sit,356,64.44,278,b
figure,357,64.43,278,b
letter,358,64.43,277,b
decide,359,64.41,276,b
language,360,64.39,275,b
subject,361,64.35,273,b
class,362,64.35,272,b
development,363,64.31,270,b
town,364,64.31,269,b
half,365,64.29,269,b
minute,366,64.28,268,b
food,367,64.28,268,b
break,368,64.28,268,b
clear,369,64.25,266,b
future,370,64.24,266,b
either,371,64.24,266,b
ago,372,64.24,265,b
per,373,64.24,265,b
remain,374,64.24,265,b
top,375,64.23,265,b
among,376,64.23,265,b
win,377,64.21,264,b
color,378,64.2,263,b
involve,379,64.16,260,b
reach,380,64.15,260,b
social,381,64.15,260,b
period,382,64.13,259,b
across,383,64.12,258,b
note,384,64.12,258,b
history,385,64.12,258,b
create,386,64.11,258,b
drive,387,64.11,258,b
along,388,64.1,257,b
type,389,64.09,257,b
sound,390,64.08,256,b
eye,391,64.07,256,b
music,392,64.07,255,b
game,393,64.07,255,b
political,394,64.06,255,b
free,395,64.06,255,b
receive,396,64.05,254,b
moment,397,64.05,254,b
sale,398,64.04,254,b
policy,399,64.04,253,b
further,400,63.99,251,b
body,401,63.98,250,b
require,402,63.97,249,b
wait,403,63.96,249,b
general,404,63.95,248,b
appear,405,63.95,248,b
toward,406,63.95,248,b
team,407,63.95,248,b
easy,408,63.95,248,b
individual,409,63.95,248,b
full,410,63.95,248,b
black,411,63.94,248,b
sense,412,63.92,247,b
perhaps,413,63.91,246,b
add,414,63.89,245,b
rule,415,63.88,245,b
pass,416,63.86,243,b
produce,417,63.86,243,b
sell,418,63.86,243,b
short,419,63.81,241,b
agree,420,63.81,240,b
law,421,63.79,239,b
everything,422,63.77,238,b
research,423,63.75,237,b
cover,424,63.73,236,b
paper,425,63.73,236,b
position,426,63.72,236,b
near,427,63.72,236,b
human,428,63.72,235,b
computer,429,63.72,235,b
situation,430,63.7,235,b
staff,431,63.7,234,b
activity,432,63.68,234,b
film,433,63.66,232,b
morning,434,63.65,232,b
war,435,63.63,231,b
account,436,63.63,231,b
shop,437,63.62,230,b
major,438,63.59,229,b
someone,439,63.58,228,b
above,440,63.58,228,b
design,441,63.58,228,b
event,442,63.57,228,b
special,443,63.57,228,b
sometimes,444,63.57,227,b
condition,445,63.54,226,b
carry,446,63.54,226,b
choose,447,63.53,225,b
father,448,63.51,225,b
decision,449,63.51,224,b
table,450,63.5,224,b
certain,451,63.49,223,b
forward,452,63.48,223,b
main,453,63.48,223,b
die,454,63.47,222,b
bear,455,63.45,222,b
cut,456,63.45,221,b
describe,457,63.43,220,b
himself,458,63.42,220,b
available,459,63.42,220,b
especially,460,63.42,220,b
strong,461,63.38,218,b
rise,462,63.38,218,b
girl,463,63.37,217,b
maybe,464,63.37,217,b
community,465,63.37,217,b
else,466,63.34,216,b
particular,467,63.33,215,b
role,468,63.33,215,b
join,469,63.33,215,b
difficult,470,63.32,215,b
please,471,63.28,213,b
detail,472,63.28,213,b
difference,473,63.27,212,b
action,474,63.21,210,b
health,475,63.21,209,b
eat,476,63.19,209,b
step,477,63.18,208,b
TRUE,478,63.17,208,b
phone,479,63.16,207,b
themselves,480,63.16,207,b
draw,481,63.15,207,b
white,482,63.14,206,b
date,483,63.13,205,b
practice,484,63.12,205,b
model,485,63.12,205,b
raise,486,63.11,205,b
customer,487,63.11,205,b
front,488,63.07,203,b
explain,489,63.06,202,b
door,490,63.05,202,b
outside,491,63.02,200,b
behind,492,63.01,200,b
economic,493,62.99,199,b
site,494,62.98,199,b
approach,495,62.98,199,b
teacher,496,62.98,199,b
land,497,62.94,197,b
charge,498,62.94,197,b
finally,499,62.93,197,b
sign,500,62.93,197,b
claim,501,62.93,196,c
relationship,502,62.93,196,c
travel,503,62.91,195,c
enjoy,504,62.89,195,c
death,505,62.89,194,c
nice,506,62.86,193,c
amount,507,62.86,193,c
improve,508,62.83,192,c
picture,509,62.83,192,c
boy,510,62.83,192,c
regard,511,62.82,191,c
organization,512,62.82,191,c
happy,513,62.81,191,c
couple,514,62.81,191,c
act,515,62.8,190,c
range,516,62.79,190,c
quality,517,62.78,190,c
project,518,62.78,190,c
round,519,62.77,189,c
opportunity,520,62.76,189,c
road,521,62.76,189,c
accord,522,62.74,188,c
list,523,62.73,187,c
wish,524,62.73,187,c
therefore,525,62.72,187,c
wear,526,62.71,187,c
fund,527,62.71,187,c
rest,528,62.71,186,c
kid,529,62.7,186,c
industry,530,62.68,185,c
education,531,62.67,185,c
measure,532,62.67,185,c
kill,533,62.65,184,c
serve,534,62.64,184,c
likely,535,62.62,183,c
certainly,536,62.59,182,c
national,537,62.58,181,c
itself,538,62.57,181,c
teach,539,62.57,181,c
field,540,62.57,181,c
security,541,62.54,180,c
air,542,62.53,179,c
benefit,543,62.53,179,c
trade,544,62.52,179,c
risk,545,62.52,179,c
news,546,62.51,178,c
standard,547,62.5,178,c
vote,548,62.49,177,c
percent,549,62.49,177,c
focus,550,62.48,177,c
stage,551,62.47,177,c
space,552,62.46,176,c
instead,553,62.46,176,c
realize,554,62.46,176,c
usually,555,62.44,175,c
data,556,62.42,174,c
single,557,62.41,174,c
address,558,62.37,173,c
performance,559,62.36,172,c
chance,560,62.36,172,c
accept,561,62.36,172,c
society,562,62.35,172,c
technology,563,62.35,172,c
mention,564,62.35,172,c
choice,565,62.33,171,c
save,566,62.33,171,c
common,567,62.32,170,c
culture,568,62.29,170,c
total,569,62.28,169,c
demand,570,62.27,169,c
material,571,62.26,168,c
limit,572,62.25,168,c
listen,573,62.25,168,c
due,574,62.23,167,c
wrong,575,62.23,167,c
foot,576,62.22,167,c
effort,577,62.22,167,c
attention,578,62.21,166,c
upon,579,62.21,166,c
check,580,62.2,166,c
complete,581,62.2,166,c
lie,582,62.19,166,c
pick,583,62.19,166,c
reduce,584,62.19,165,c
personal,585,62.19,165,c
ground,586,62.18,165,c
animal,587,62.17,165,c
arrive,588,62.17,165,c
patient,589,62.17,165,c
current,590,62.15,164,c
century,591,62.14,163,c
evidence,592,62.13,163,c
exist,593,62.13,163,c
similar,594,62.12,163,c
fight,595,62.12,163,c
leader,596,62.12,163,c
fine,597,62.11,162,c
street,598,62.11,162,c
former,599,62.1,162,c
contact,600,62.09,162,c
particularly,601,62.09,162,c
wife,602,62.06,161,c
sport,603,62.06,161,c
prepare,604,62.04,160,c
discuss,605,62.03,160,c
response,606,62.03,159,c
voice,607,62.02,159,c
piece,608,62.01,159,c
finish,609,62,158,c
suppose,610,61.97,157,c
apply,611,61.97,157,c
president,612,61.97,157,c
fire,613,61.96,157,c
compare,614,61.95,157,c
court,615,61.94,156,c
police,616,61.93,156,c
store,617,61.92,156,c
poor,618,61.92,156,c
knowledge,619,61.91,155,c
laugh,620,61.91,155,c
arm,621,61.9,155,c
heart,622,61.9,155,c
source,623,61.9,155,c
employee,624,61.89,154,c
manage,625,61.87,154,c
simply,626,61.86,153,c
bank,627,61.85,153,c
firm,628,61.84,153,c
cell,629,61.84,153,c
article,630,61.81,152,c
fast,631,61.8,151,c
attack,632,61.79,151,c
foreign,633,61.79,151,c
surprise,634,61.78,151,c
feature,635,61.77,150,c
factor,636,61.77,150,c
pretty,637,61.76,150,c
recently,638,61.76,150,c
affect,639,61.76,150,c
drop,640,61.75,150,c
recent,641,61.74,149,c
relate,642,61.74,149,c
official,643,61.73,149,c
financial,644,61.73,149,c
miss,645,61.72,149,c
art,646,61.72,149,c
campaign,647,61.71,148,c
private,648,61.71,148,c
pause,649,61.7,148,c
everyone,650,61.69,148,c
forget,651,61.68,147,c
page,652,61.68,147,c
worry,653,61.68,147,c
summer,654,61.67,147,c
drink,655,61.66,147,c
opinion,656,61.66,147,c
park,657,61.65,146,c
represent,658,61.64,146,c
key,659,61.64,146,c
inside,660,61.62,145,c
manager,661,61.6,145,c
international,662,61.59,144,c
contain,663,61.58,144,c
notice,664,61.56,143,c
wonder,665,61.56,143,c
nature,666,61.55,143,c
structure,667,61.55,143,c
section,668,61.54,142,c
myself,669,61.53,142,c
exactly,670,61.52,142,c
plant,671,61.52,142,c
paint,672,61.51,142,c
worker,673,61.5,141,c
press,674,61.5,141,c
whatever,675,61.5,141,c
necessary,676,61.5,141,c
region,677,61.48,141,c
growth,678,61.46,140,c
evening,679,61.46,140,c
influence,680,61.46,140,c
respect,681,61.46,140,c
various,682,61.46,140,c
catch,683,61.45,140,c
thus,684,61.43,139,c
skill,685,61.43,139,c
attempt,686,61.42,139,c
son,687,61.42,139,c
simple,688,61.41,138,c
medium,689,61.41,138,c
average,690,61.41,138,c
stock,691,61.4,138,c
management,692,61.39,138,c
character,693,61.38,138,c
bed,694,61.38,137,c
hit,695,61.38,137,c
establish,696,61.37,137,c
indeed,697,61.36,137,c
final,698,61.36,137,c
economy,699,61.35,137,c
fit,700,61.35,137,c
guy,701,61.33,136,c
function,702,61.32,135,c
yesterday,703,61.32,135,c
image,704,61.31,135,c
size,705,61.3,135,c
behavior,706,61.3,135,c
addition,707,61.3,135,c
determine,708,61.29,134,c
station,709,61.28,134,c
population,710,61.28,134,c
fail,711,61.27,134,c
environment,712,61.27,134,c
production,713,61.25,133,c
contract,714,61.24,133,c
player,715,61.22,132,c
comment,716,61.22,132,c
enter,717,61.21,132,c
occur,718,61.2,132,c
alone,719,61.2,132,c
significant,720,61.18,131,c
drug,721,61.18,131,c
wall,722,61.17,131,c
series,723,61.17,131,c
direct,724,61.16,131,c
success,725,61.15,130,c
tomorrow,726,61.14,130,c
director,727,61.13,130,c
clearly,728,61.13,130,c
lack,729,61.12,129,c
review,730,61.12,129,c
depend,731,61.1,129,c
race,732,61.1,129,c
recognize,733,61.1,129,c
window,734,61.1,129,c
purpose,735,61.09,128,c
department,736,61.09,128,c
gain,737,61.08,128,c
tree,738,61.08,128,c
college,739,61.07,128,c
argue,740,61.07,128,c
board,741,61.06,128,c
holiday,742,61.05,127,c
mark,743,61.05,127,c
church,744,61.02,127,c
machine,745,61.02,126,c
achieve,746,61.02,126,c
item,747,61.02,126,c
prove,748,61.02,126,c
cent,749,61.02,126,c
season,750,61.01,126,c
floor,751,61.01,126,c
stuff,752,61.01,126,c
wide,753,61.01,126,c
anyone,754,61.01,126,c
method,755,61.01,126,c
analysis,756,61,126,c
election,757,60.99,126,c
military,758,60.99,126,c
hotel,759,60.99,126,c
club,760,60.99,126,c
below,761,60.99,126,c
movie,762,60.99,126,c
doctor,763,60.98,125,c
discussion,764,60.98,125,c
sorry,765,60.98,125,c
challenge,766,60.98,125,c
nation,767,60.96,125,c
nearly,768,60.96,125,c
statement,769,60.95,125,c
link,770,60.95,124,c
despite,771,60.94,124,c
introduce,772,60.94,124,c
advantage,773,60.94,124,c
ready,774,60.94,124,c
marry,775,60.93,124,c
strike,776,60.93,124,c
mile,777,60.92,124,c
seek,778,60.92,123,c
ability,779,60.9,123,c
unit,780,60.9,123,c
card,781,60.89,123,c
hospital,782,60.88,123,c
quickly,783,60.86,122,c
interview,784,60.86,122,c
agreement,785,60.85,122,c
release,786,60.85,122,c
tax,787,60.85,122,c
solution,788,60.85,122,c
capital,789,60.83,121,c
popular,790,60.82,121,c
specific,791,60.82,121,c
beautiful,792,60.82,121,c
fear,793,60.81,121,c
aim,794,60.81,121,c
television,795,60.81,120,c
serious,796,60.81,120,c
target,797,60.8,120,c
degree,798,60.78,120,c
pull,799,60.77,120,c
red,800,60.77,119,c
husband,801,60.77,119,d
access,802,60.77,119,d
movement,803,60.75,119,d
treat,804,60.74,119,d
identify,805,60.73,118,d
loss,806,60.72,118,d
shall,807,60.72,118,d
modern,808,60.7,117,d
pressure,809,60.7,117,d
bus,810,60.69,117,d
treatment,811,60.69,117,d
conference,812,60.68,117,d
yourself,813,60.67,117,d
supply,814,60.66,116,d
village,815,60.65,116,d
worth,816,60.64,116,d
natural,817,60.64,116,d
express,818,60.64,116,d
indicate,819,60.64,116,d
attend,820,60.63,116,d
brother,821,60.63,116,d
investment,822,60.63,116,d
score,823,60.62,115,d
organize,824,60.62,115,d
trip,825,60.62,115,d
beyond,826,60.62,115,d
sleep,827,60.61,115,d
fish,828,60.6,115,d
promise,829,60.6,115,d
potential,830,60.59,115,d
energy,831,60.59,115,d
trouble,832,60.59,115,d
relation,833,60.58,114,d
touch,834,60.56,114,d
file,835,60.56,114,d
middle,836,60.56,114,d
bar,837,60.55,114,d
suffer,838,60.55,113,d
strategy,839,60.55,113,d
deep,840,60.54,113,d
except,841,60.54,113,d
clean,842,60.54,113,d
tend,843,60.54,113,d
advance,844,60.54,113,d
fill,845,60.53,113,d
star,846,60.52,113,d
network,847,60.5,112,d
generally,848,60.5,112,d
operation,849,60.49,112,d
match,850,60.47,111,d
avoid,851,60.47,111,d
seat,852,60.45,111,d
throw,853,60.45,111,d
task,854,60.44,111,d
normal,855,60.43,110,d
goal,856,60.42,110,d
associate,857,60.42,110,d
blue,858,60.41,110,d
positive,859,60.4,110,d
option,860,60.4,110,d
box,861,60.39,109,d
huge,862,60.39,109,d
message,863,60.39,109,d
instance,864,60.38,109,d
style,865,60.38,109,d
refer,866,60.37,109,d
cold,867,60.36,109,d
push,868,60.36,109,d
quarter,869,60.36,109,d
assume,870,60.34,108,d
baby,871,60.33,108,d
successful,872,60.32,108,d
sing,873,60.32,108,d
doubt,874,60.32,108,d
competition,875,60.32,108,d
theory,876,60.31,108,d
propose,877,60.31,107,d
reference,878,60.3,107,d
argument,879,60.3,107,d
adult,880,60.3,107,d
fly,881,60.3,107,d
document,882,60.29,107,d
pattern,883,60.29,107,d
application,884,60.28,107,d
hot,885,60.28,107,d
obviously,886,60.28,107,d
unclear,887,60.27,106,d
bill,888,60.27,106,d
search,889,60.26,106,d
separate,890,60.26,106,d
central,891,60.26,106,d
career,892,60.25,106,d
anyway,893,60.25,106,d
speech,894,60.24,106,d
dog,895,60.24,106,d
officer,896,60.24,106,d
throughout,897,60.24,106,d
oil,898,60.22,105,d
dress,899,60.21,105,d
profit,900,60.21,105,d
guess,901,60.2,105,d
fun,902,60.2,105,d
protect,903,60.2,105,d
resource,904,60.19,105,d
science,905,60.19,104,d
disease,906,60.19,104,d
balance,907,60.18,104,d
damage,908,60.18,104,d
basis,909,60.18,104,d
author,910,60.17,104,d
basic,911,60.17,104,d
encourage,912,60.16,104,d
hair,913,60.15,104,d
male,914,60.15,103,d
operate,915,60.14,103,d
reflect,916,60.14,103,d
exercise,917,60.13,103,d
useful,918,60.12,103,d
restaurant,919,60.12,103,d
income,920,60.12,103,d
property,921,60.12,103,d
previous,922,60.12,103,d
dark,923,60.11,103,d
imagine,924,60.11,102,d
okay,925,60.1,102,d
earn,926,60.09,102,d
daughter,927,60.09,102,d
post,928,60.08,102,d
newspaper,929,60.07,102,d
define,930,60.06,101,d
conclusion,931,60.05,101,d
clock,932,60.05,101,d
everybody,933,60.05,101,d
weekend,934,60.04,101,d
perform,935,60.04,101,d
professional,936,60.04,101,d
mine,937,60.04,101,d
debate,938,60.03,101,d
memory,939,60.03,101,d
green,940,60.03,101,d
song,941,60.02,101,d
object,942,60,100,d
maintain,943,60,100,d
credit,944,59.99,100,d
ring,945,59.99,100,d
discover,946,59.97,99,d
dead,947,59.96,99,d
afternoon,948,59.96,99,d
prefer,949,59.96,99,d
extend,950,59.95,99,d
possibility,951,59.95,99,d
direction,952,59.94,99,d
facility,953,59.94,99,d
variety,954,59.92,98,d
daily,955,59.91,98,d
clothes,956,59.91,98,d
screen,957,59.9,98,d
track,958,59.89,98,d
dance,959,59.89,97,d
completely,960,59.89,97,d
female,961,59.88,97,d
responsibility,962,59.88,97,d
original,963,59.84,96,d
sister,964,59.84,96,d
rock,965,59.84,96,d
dream,966,59.84,96,d
nor,967,59.82,96,d
university,968,59.82,96,d
easily,969,59.81,96,d
agency,970,59.81,96,d
dollar,971,59.8,96,d
garden,972,59.79,95,d
fix,973,59.79,95,d
ahead,974,59.78,95,d
cross,975,59.78,95,d
yeah,976,59.77,95,d
candidate,977,59.74,94,d
weight,978,59.74,94,d
legal,979,59.72,94,d
proposal,980,59.71,94,d
version,981,59.71,94,d
conversation,982,59.71,93,d
somebody,983,59.7,93,d
pound,984,59.69,93,d
magazine,985,59.69,93,d
shape,986,59.69,93,d
sea,987,59.68,93,d
immediately,988,59.67,93,d
welcome,989,59.67,93,d
smile,990,59.67,93,d
communication,991,59.67,93,d
agent,992,59.65,92,d
traditional,993,59.65,92,d
replace,994,59.64,92,d
judge,995,59.64,92,d
herself,996,59.63,92,d
suddenly,997,59.63,92,d
generation,998,59.63,92,d
estimate,999,59.63,92,d
favorite,1000,59.62,92,d
difficulty,1001,59.62,92,d
purchase,1002,59.61,91,d
shoot,1003,59.6,91,d
announce,1004,59.6,91,d
unless,1005,59.6,91,d
independent,1006,59.59,91,d
recommend,1007,59.58,91,d
survey,1008,59.58,91,d
majority,1009,59.58,91,d
stick,1010,59.57,91,d
request,1011,59.56,90,d
rich,1012,59.54,90,d
wind,1013,59.54,90,d
none,1014,59.53,90,d
exchange,1015,59.52,90,d
budget,1016,59.51,89,d
famous,1017,59.51,89,d
blood,1018,59.51,89,d
appropriate,1019,59.51,89,d
block,1020,59.51,89,d
warm,1021,59.5,89,d
count,1022,59.5,89,d
scene,1023,59.5,89,d
writer,1024,59.49,89,d
content,1025,59.49,89,d
prevent,1026,59.48,89,d
safe,1027,59.47,89,d
invite,1028,59.47,88,d
mix,1029,59.46,88,d
element,1030,59.45,88,d
effective,1031,59.45,88,d
correct,1032,59.45,88,d
medical,1033,59.43,88,d
admit,1034,59.42,88,d
beat,1035,59.42,87,d
telephone,1036,59.42,87,d
copy,1037,59.41,87,d
committee,1038,59.4,87,d
aware,1039,59.4,87,d
advice,1040,59.4,87,d
handle,1041,59.39,87,d
glass,1042,59.39,87,d
trial,1043,59.38,87,d
stress,1044,59.38,87,d
radio,1045,59.37,86,d
administration,1046,59.36,86,d
complex,1047,59.36,86,d
text,1048,59.35,86,d
context,1049,59.35,86,d
ride,1050,59.34,86,d
directly,1051,59.34,86,d
heavy,1052,59.34,86,d
remove,1053,59.33,86,d
conduct,1054,59.33,86,d
equipment,1055,59.33,86,d
otherwise,1056,59.33,86,d
title,1057,59.32,86,d
extra,1058,59.31,85,d
executive,1059,59.31,85,d
chair,1060,59.31,85,d
expensive,1061,59.31,85,d
sample,1062,59.3,85,d
sex,1063,59.3,85,d
deliver,1064,59.29,85,d
video,1065,59.29,85,d
connection,1066,59.29,85,d
primary,1067,59.28,85,d
weather,1068,59.27,85,d
collect,1069,59.27,84,d
inform,1070,59.25,84,d
principle,1071,59.25,84,d
straight,1072,59.24,84,d
appeal,1073,59.24,84,d
highly,1074,59.24,84,d
trust,1075,59.24,84,d
wonderful,1076,59.23,84,d
flat,1077,59.23,84,d
absolutely,1078,59.22,84,d
flow,1079,59.22,84,d
fair,1080,59.22,84,d
additional,1081,59.21,83,d
responsible,1082,59.21,83,d
farm,1083,59.2,83,d
collection,1084,59.2,83,d
hang,1085,59.19,83,d
negative,1086,59.18,83,d
band,1087,59.18,83,d
relative,1088,59.17,83,d
tour,1089,59.17,83,d
alternative,1090,59.17,83,d
software,1091,59.17,83,d
pair,1092,59.16,82,d
ship,1093,59.16,82,d
attitude,1094,59.14,82,d
cheap,1095,59.14,82,d
double,1096,59.14,82,d
leg,1097,59.13,82,d
observe,1098,59.13,82,d
sentence,1099,59.13,82,d
print,1100,59.12,82,d
progress,1101,59.12,82,e
truth,1102,59.11,82,e
nobody,1103,59.11,82,e
examine,1104,59.1,81,e
lay,1105,59.1,81,e
speed,1106,59.09,81,e
politics,1107,59.09,81,e
reply,1108,59.08,81,e
display,1109,59.08,81,e
transfer,1110,59.08,81,e
perfect,1111,59.07,81,e
slightly,1112,59.07,81,e
overall,1113,59.07,81,e
intend,1114,59.06,80,e
user,1115,59.05,80,e
respond,1116,59.05,80,e
dinner,1117,59.04,80,e
slow,1118,59.04,80,e
regular,1119,59.04,80,e
physical,1120,59.04,80,e
apart,1121,59.02,80,e
suit,1122,59.01,80,e
federal,1123,59.01,80,e
reveal,1124,59.01,80,e
percentage,1125,59,79,e
peace,1126,58.99,79,e
status,1127,58.99,79,e
crime,1128,58.98,79,e
decline,1129,58.97,79,e
decade,1130,58.97,79,e
launch,1131,58.97,79,e
warn,1132,58.96,79,e
consumer,1133,58.96,79,e
favor,1134,58.96,79,e
dry,1135,58.95,78,e
partner,1136,58.95,78,e
institution,1137,58.95,78,e
spot,1138,58.94,78,e
horse,1139,58.94,78,e
eventually,1140,58.93,78,e
heat,1141,58.93,78,e
excite,1142,58.92,78,e
reader,1143,58.92,78,e
importance,1144,58.91,78,e
distance,1145,58.9,78,e
guide,1146,58.9,78,e
grant,1147,58.9,78,e
taxi,1148,58.89,77,e
feed,1149,58.89,77,e
pain,1150,58.89,77,e
sector,1151,58.87,77,e
mistake,1152,58.87,77,e
ensure,1153,58.86,77,e
satisfy,1154,58.85,77,e
chief,1155,58.85,77,e
cool,1156,58.85,77,e
expert,1157,58.84,77,e
wave,1158,58.84,77,e
south,1159,58.84,77,e
labor,1160,58.83,76,e
surface,1161,58.83,76,e
library,1162,58.82,76,e
excellent,1163,58.81,76,e
edge,1164,58.81,76,e
camp,1165,58.81,76,e
audience,1166,58.8,76,e
lift,1167,58.8,76,e
procedure,1168,58.79,76,e
email,1169,58.79,76,e
global,1170,58.79,76,e
struggle,1171,58.79,76,e
advertise,1172,58.77,75,e
select,1173,58.76,75,e
surround,1174,58.75,75,e
extent,1175,58.74,75,e
river,1176,58.73,75,e
annual,1177,58.73,75,e
fully,1178,58.73,75,e
contrast,1179,58.72,75,e
roll,1180,58.71,74,e
reality,1181,58.71,74,e
photograph,1182,58.7,74,e
artist,1183,58.69,74,e
conflict,1184,58.69,74,e
entire,1185,58.69,74,e
presence,1186,58.69,74,e
crowd,1187,58.69,74,e
corner,1188,58.69,74,e
gas,1189,58.69,74,e
shift,1190,58.68,74,e
net,1191,58.68,74,e
category,1192,58.68,74,e
secretary,1193,58.68,74,e
defense,1194,58.68,74,e
quick,1195,58.67,74,e
cook,1196,58.67,74,e
spread,1197,58.66,73,e
nuclear,1198,58.66,73,e
scale,1199,58.66,73,e
driver,1200,58.66,73,e
ball,1201,58.65,73,e
cry,1202,58.64,73,e
introduction,1203,58.63,73,e
requirement,1204,58.63,73,e
north,1205,58.62,73,e
confirm,1206,58.62,73,e
senior,1207,58.6,72,e
photo,1208,58.59,72,e
refuse,1209,58.59,72,e
transport,1210,58.58,72,e
emerge,1211,58.58,72,e
map,1212,58.58,72,e
concept,1213,58.58,72,e
island,1214,58.57,72,e
reform,1215,58.57,72,e
neither,1216,58.57,72,e
football,1217,58.56,72,e
survive,1218,58.56,72,e
flight,1219,58.55,72,e
left,1220,58.55,72,e
solve,1221,58.54,72,e
neighbor,1222,58.54,72,e
background,1223,58.54,71,e
technique,1224,58.54,71,e
traffic,1225,58.54,71,e
improvement,1226,58.53,71,e
tool,1227,58.52,71,e
consequence,1228,58.52,71,e
circumstance,1229,58.52,71,e
smoke,1230,58.52,71,e
reaction,1231,58.52,71,e
rain,1232,58.52,71,e
busy,1233,58.51,71,e
lesson,1234,58.51,71,e
brain,1235,58.5,71,e
mass,1236,58.5,71,e
funny,1237,58.49,71,e
contribute,1238,58.49,71,e
failure,1239,58.49,71,e
schedule,1240,58.48,71,e
speaker,1241,58.48,70,e
bottom,1242,58.47,70,e
adopt,1243,58.47,70,e
combine,1244,58.47,70,e
mountain,1245,58.46,70,e
waste,1246,58.46,70,e
hide,1247,58.45,70,e
marriage,1248,58.45,70,e
ticket,1249,58.45,70,e
meal,1250,58.45,70,e
colleague,1251,58.45,70,e
bag,1252,58.45,70,e
repeat,1253,58.44,70,e
equal,1254,58.43,70,e
expression,1255,58.43,70,e
plus,1256,58.43,70,e
extremely,1257,58.43,70,e
owner,1258,58.42,70,e
plane,1259,58.42,69,e
commercial,1260,58.41,69,e
lady,1261,58.39,69,e
duty,1262,58.38,69,e
strength,1263,58.37,69,e
connect,1264,58.36,69,e
cultural,1265,58.36,69,e
arrange,1266,58.35,68,e
scheme,1267,58.35,68,e
payment,1268,58.34,68,e
unfortunately,1269,58.34,68,e
brief,1270,58.34,68,e
bird,1271,58.33,68,e
demonstrate,1272,58.33,68,e
contribution,1273,58.33,68,e
appreciate,1274,58.32,68,e
chapter,1275,58.32,68,e
secret,1276,58.32,68,e
apparently,1277,58.32,68,e
novel,1278,58.32,68,e
union,1279,58.31,68,e
burn,1280,58.31,68,e
trend,1281,58.31,68,e
initial,1282,58.31,68,e
pleasure,1283,58.3,68,e
suggestion,1284,58.3,68,e
critical,1285,58.29,67,e
gather,1286,58.29,67,e
mostly,1287,58.29,67,e
earth,1288,58.29,67,e
pop,1289,58.28,67,e
essential,1290,58.27,67,e
desire,1291,58.27,67,e
promote,1292,58.27,67,e
currently,1293,58.27,67,e
employ,1294,58.26,67,e
path,1295,58.26,67,e
topic,1296,58.26,67,e
beach,1297,58.25,67,e
attract,1298,58.25,67,e
engage,1299,58.25,67,e
powerful,1300,58.24,67,e
flower,1301,58.24,67,e
crisis,1302,58.24,67,e
settle,1303,58.23,67,e
boat,1304,58.23,66,e
aid,1305,58.23,66,e
fan,1306,58.23,66,e
kitchen,1307,58.23,66,e
twice,1308,58.22,66,e
fresh,1309,58.22,66,e
delay,1310,58.22,66,e
safety,1311,58.22,66,e
engineer,1312,58.22,66,e
quiet,1313,58.21,66,e
insurance,1314,58.21,66,e
nurse,1315,58.21,66,e
divide,1316,58.2,66,e
length,1317,58.2,66,e
investigation,1318,58.19,66,e
package,1319,58.19,66,e
somewhere,1320,58.19,66,e
expand,1321,58.18,66,e
commit,1322,58.18,66,e
obvious,1323,58.18,66,e
jump,1324,58.16,65,e
weapon,1325,58.16,65,e
relatively,1326,58.15,65,e
host,1327,58.15,65,e
winter,1328,58.15,65,e
district,1329,58.15,65,e
broad,1330,58.14,65,e
tire,1331,58.12,65,e
spring,1332,58.11,65,e
spirit,1333,58.09,64,e
lunch,1334,58.09,64,e
actual,1335,58.08,64,e
pool,1336,58.08,64,e
battle,1337,58.08,64,e
tradition,1338,58.08,64,e
cash,1339,58.07,64,e
hardly,1340,58.06,64,e
award,1341,58.06,64,e
coach,1342,58.06,64,e
experiment,1343,58.06,64,e
consideration,1344,58.06,64,e
strange,1345,58.06,64,e
code,1346,58.06,64,e
possibly,1347,58.04,64,e
threat,1348,58.04,64,e
accident,1349,58.04,64,e
impossible,1350,58.04,64,e
revenue,1351,58.04,64,e
enable,1352,58.04,64,e
afraid,1353,58.03,63,e
active,1354,58.03,63,e
conclude,1355,58.02,63,e
religious,1356,58.01,63,e
cancer,1357,58.01,63,e
convince,1358,58.01,63,e
vary,1359,58.01,63,e
environmental,1360,58,63,e
sun,1361,58,63,e
healthy,1362,57.99,63,e
blow,1363,57.98,63,e
volume,1364,57.97,63,e
location,1365,57.97,63,e
invest,1366,57.97,63,e
proceed,1367,57.97,63,e
wash,1368,57.97,63,e
actor,1369,57.96,63,e
glad,1370,57.96,63,e
tape,1371,57.96,62,e
whereas,1372,57.96,62,e
opposite,1373,57.95,62,e
stone,1374,57.95,62,e
sum,1375,57.95,62,e
murder,1376,57.95,62,e
monitor,1377,57.94,62,e
soldier,1378,57.94,62,e
finance,1379,57.94,62,e
hate,1380,57.93,62,e
egg,1381,57.93,62,e
concert,1382,57.92,62,e
shock,1383,57.92,62,e
comfortable,1384,57.92,62,e
usual,1385,57.92,62,e
carefully,1386,57.91,62,e
pack,1387,57.91,62,e
recall,1388,57.91,62,e
wine,1389,57.9,62,e
camera,1390,57.9,62,e
swim,1391,57.9,62,e
manufacture,1392,57.9,62,e
theater,1393,57.89,61,e
cycle,1394,57.88,61,e
coffee,1395,57.87,61,e
totally,1396,57.87,61,e
museum,1397,57.87,61,e
visitor,1398,57.87,61,e
freedom,1399,57.86,61,e
construction,1400,57.86,61,e
dear,1401,57.86,61,e
objective,1402,57.84,61,e
moreover,1403,57.84,61,e
onto,1404,57.84,61,e
historical,1405,57.83,61,e
oppose,1406,57.83,61,e
branch,1407,57.82,61,e
vehicle,1408,57.82,61,e
scientist,1409,57.82,60,e
route,1410,57.81,60,e
bind,1411,57.8,60,e
belong,1412,57.8,60,e
taste,1413,57.8,60,e
tonight,1414,57.79,60,e
fashion,1415,57.79,60,e
danger,1416,57.79,60,e
bomb,1417,57.79,60,e
army,1418,57.79,60,e
dangerous,1419,57.77,60,e
decrease,1420,57.76,60,e
hurt,1421,57.76,60,e
council,1422,57.75,60,e
editor,1423,57.74,59,e
normally,1424,57.74,59,e
sight,1425,57.74,59,e
generate,1426,57.73,59,e
gift,1427,57.73,59,e
delivery,1428,57.72,59,e
deny,1429,57.72,59,e
guest,1430,57.72,59,e
anybody,1431,57.71,59,e
bedroom,1432,57.71,59,e
quote,1433,57.71,59,e
climb,1434,57.7,59,e
basically,1435,57.7,59,e
violence,1436,57.69,59,e
minister,1437,57.69,59,e
mainly,1438,57.68,59,e
mouth,1439,57.68,59,e
noise,1440,57.68,59,e
manner,1441,57.67,59,e
gun,1442,57.67,58,e
square,1443,57.67,58,e
occasion,1444,57.65,58,e
familiar,1445,57.64,58,e
ignore,1446,57.64,58,e
destroy,1447,57.64,58,e
affair,1448,57.63,58,e
civil,1449,57.62,58,e
locate,1450,57.62,58,e
citizen,1451,57.62,58,f
temperature,1452,57.61,58,f
gold,1453,57.61,58,f
domestic,1454,57.57,57,f
load,1455,57.57,57,f
belief,1456,57.57,57,f
troop,1457,57.57,57,f
technical,1458,57.56,57,f
remind,1459,57.56,57,f
arrangement,1460,57.56,57,f
skin,1461,57.55,57,f
prison,1462,57.55,57,f
switch,1463,57.55,57,f
acquire,1464,57.54,57,f
corporate,1465,57.53,57,f
fairly,1466,57.53,57,f
wood,1467,57.53,57,f
participate,1468,57.53,57,f
tough,1469,57.53,57,f
tear,1470,57.52,57,f
representative,1471,57.52,57,f
capacity,1472,57.52,57,f
border,1473,57.51,56,f
shake,1474,57.51,56,f
assessment,1475,57.51,56,f
shoe,1476,57.51,56,f
ought,1477,57.5,56,f
ad,1478,57.5,56,f
fee,1479,57.49,56,f
hall,1480,57.49,56,f
regulation,1481,57.48,56,f
escape,1482,57.48,56,f
studio,1483,57.48,56,f
proper,1484,57.47,56,f
relax,1485,57.47,56,f
tourist,1486,57.47,56,f
component,1487,57.47,56,f
afford,1488,57.46,56,f
lawyer,1489,57.46,56,f
suspect,1490,57.45,56,f
cup,1491,57.45,56,f
description,1492,57.45,56,f
confidence,1493,57.44,55,f
industrial,1494,57.42,55,f
complain,1495,57.42,55,f
perspective,1496,57.42,55,f
error,1497,57.42,55,f
arrest,1498,57.42,55,f
assess,1499,57.41,55,f
register,1500,57.4,55,f
asset,1501,57.4,55,f
signal,1502,57.39,55,f
finger,1503,57.38,55,f
relevant,1504,57.38,55,f
explore,1505,57.37,55,f
leadership,1506,57.37,55,f
commitment,1507,57.36,54,f
wake,1508,57.36,54,f
necessarily,1509,57.35,54,f
bright,1510,57.34,54,f
frame,1511,57.34,54,f
slowly,1512,57.34,54,f
bond,1513,57.34,54,f
hire,1514,57.34,54,f
hole,1515,57.33,54,f
tie,1516,57.33,54,f
internal,1517,57.33,54,f
chain,1518,57.32,54,f
literature,1519,57.29,54,f
victim,1520,57.29,54,f
threaten,1521,57.28,53,f
division,1522,57.28,53,f
secure,1523,57.27,53,f
amaze,1524,57.27,53,f
device,1525,57.26,53,f
birth,1526,57.26,53,f
forest,1527,57.26,53,f
label,1528,57.26,53,f
root,1529,57.26,53,f
factory,1530,57.25,53,f
expense,1531,57.25,53,f
channel,1532,57.25,53,f
investigate,1533,57.25,53,f
recommendation,1534,57.24,53,f
rank,1535,57.23,53,f
typical,1536,57.23,53,f
west,1537,57.23,53,f
friendly,1538,57.23,53,f
resident,1539,57.23,53,f
provision,1540,57.23,53,f
concentrate,1541,57.22,53,f
plenty,1542,57.22,53,f
export,1543,57.21,53,f
entirely,1544,57.21,53,f
strongly,1545,57.21,53,f
bridge,1546,57.2,53,f
consist,1547,57.2,52,f
graduate,1548,57.2,52,f
brand,1549,57.19,52,f
moral,1550,57.18,52,f
insist,1551,57.17,52,f
combination,1552,57.17,52,f
abuse,1553,57.17,52,f
ice,1554,57.16,52,f
principal,1555,57.16,52,f
master,1556,57.16,52,f
definitely,1557,57.16,52,f
session,1558,57.16,52,f
grade,1559,57.16,52,f
nevertheless,1560,57.16,52,f
predict,1561,57.15,52,f
previously,1562,57.14,52,f
protection,1563,57.14,52,f
largely,1564,57.14,52,f
wed,1565,57.13,52,f
rent,1566,57.13,52,f
shot,1567,57.12,52,f
appearance,1568,57.12,52,f
reasonable,1569,57.12,52,f
guarantee,1570,57.12,52,f
till,1571,57.12,52,f
theme,1572,57.11,51,f
judgment,1573,57.11,51,f
odd,1574,57.11,51,f
approve,1575,57.1,51,f
loan,1576,57.1,51,f
definition,1577,57.1,51,f
elect,1578,57.09,51,f
atmosphere,1579,57.08,51,f
farmer,1580,57.08,51,f
comparison,1581,57.07,51,f
characteristic,1582,57.07,51,f
license,1583,57.07,51,f
rely,1584,57.07,51,f
narrow,1585,57.07,51,f
succeed,1586,57.06,51,f
identity,1587,57.06,51,f
desk,1588,57.05,51,f
permit,1589,57.04,51,f
seriously,1590,57.04,51,f
wild,1591,57.03,51,f
empty,1592,57.03,50,f
commission,1593,57.02,50,f
unique,1594,57.02,50,f
association,1595,57.01,50,f
instrument,1596,57.01,50,f
investor,1597,57.01,50,f
practical,1598,57.01,50,f
tea,1599,57,50,f
lovely,1600,56.99,50,f
soft,1601,56.99,50,f
row,1602,56.99,50,f
youth,1603,56.99,50,f
lock,1604,56.98,50,f
fuel,1605,56.98,50,f
expectation,1606,56.98,50,f
employment,1607,56.98,50,f
celebrate,1608,56.97,50,f
sexual,1609,56.97,50,f
shoulder,1610,56.96,50,f
breath,1611,56.96,50,f
increasingly,1612,56.96,50,f
import,1613,56.95,50,f
bottle,1614,56.95,50,f
ourselves,1615,56.95,49,f
sheet,1616,56.94,49,f
engine,1617,56.94,49,f
cast,1618,56.93,49,f
notion,1619,56.93,49,f
conservative,1620,56.93,49,f
journey,1621,56.92,49,f
opposition,1622,56.92,49,f
relief,1623,56.92,49,f
debt,1624,56.92,49,f
honor,1625,56.91,49,f
outcome,1626,56.89,49,f
blame,1627,56.89,49,f
explanation,1628,56.89,49,f
arise,1629,56.89,49,f
musical,1630,56.88,49,f
recover,1631,56.87,49,f
dad,1632,56.87,49,f
stretch,1633,56.87,49,f
declare,1634,56.86,49,f
retire,1635,56.86,48,f
tiny,1636,56.85,48,f
careful,1637,56.84,48,f
suitable,1638,56.84,48,f
native,1639,56.84,48,f
fruit,1640,56.84,48,f
analyze,1641,56.83,48,f
witness,1642,56.83,48,f
mail,1643,56.83,48,f
terrible,1644,56.83,48,f
researcher,1645,56.82,48,f
ordinary,1646,56.8,48,f
selection,1647,56.78,48,f
anywhere,1648,56.78,48,f
mental,1649,56.78,48,f
participant,1650,56.77,48,f
vision,1651,56.76,47,f
personality,1652,56.76,47,f
specifically,1653,56.76,47,f
fat,1654,56.75,47,f
entry,1655,56.75,47,f
fellow,1656,56.75,47,f
chemical,1657,56.75,47,f
capture,1658,56.75,47,f
tip,1659,56.74,47,f
discount,1660,56.74,47,f
peak,1661,56.74,47,f
chairman,1662,56.73,47,f
proportion,1663,56.73,47,f
ear,1664,56.72,47,f
disappear,1665,56.71,47,f
shout,1666,56.71,47,f
yard,1667,56.71,47,f
constant,1668,56.71,47,f
significantly,1669,56.69,47,f
hill,1670,56.67,46,f
considerable,1671,56.67,46,f
instruction,1672,56.67,46,f
intelligence,1673,56.67,46,f
ideal,1674,56.66,46,f
folk,1675,56.66,46,f
surely,1676,56.66,46,f
guard,1677,56.66,46,f
cat,1678,56.65,46,f
somewhat,1679,56.65,46,f
kiss,1680,56.64,46,f
presentation,1681,56.64,46,f
joint,1682,56.64,46,f
compete,1683,56.64,46,f
poll,1684,56.64,46,f
weak,1685,56.63,46,f
faith,1686,56.63,46,f
reduction,1687,56.62,46,f
reserve,1688,56.61,46,f
complaint,1689,56.61,46,f
bore,1690,56.6,46,f
mission,1691,56.6,46,f
somehow,1692,56.59,46,f
tone,1693,56.59,46,f
neighborhood,1694,56.59,46,f
passenger,1695,56.59,46,f
justice,1696,56.58,46,f
phase,1697,56.58,46,f
thin,1698,56.58,46,f
rush,1699,56.58,45,f
formal,1700,56.57,45,f
religion,1701,56.57,45,f
employer,1702,56.57,45,f
reject,1703,56.56,45,f
latter,1704,56.56,45,f
plate,1705,56.56,45,f
ban,1706,56.55,45,f
steal,1707,56.55,45,f
protest,1708,56.55,45,f
index,1709,56.55,45,f
sad,1710,56.54,45,f
frequently,1711,56.54,45,f
circle,1712,56.54,45,f
helpful,1713,56.53,45,f
command,1714,56.53,45,f
attractive,1715,56.52,45,f
sick,1716,56.52,45,f
impression,1717,56.51,45,f
unable,1718,56.51,45,f
joke,1719,56.51,45,f
sky,1720,56.51,45,f
column,1721,56.51,45,f
electronic,1722,56.51,45,f
impose,1723,56.5,45,f
criminal,1724,56.49,45,f
besides,1725,56.47,44,f
properly,1726,56.46,44,f
ancient,1727,56.46,44,f
coast,1728,56.45,44,f
ill,1729,56.45,44,f
kick,1730,56.45,44,f
closely,1731,56.45,44,f
multiple,1732,56.45,44,f
yield,1733,56.44,44,f
via,1734,56.44,44,f
legislation,1735,56.44,44,f
county,1736,56.43,44,f
unlike,1737,56.42,44,f
mobile,1738,56.42,44,f
assistant,1739,56.42,44,f
implement,1740,56.41,44,f
chart,1741,56.41,44,f
attach,1742,56.4,44,f
hell,1743,56.4,44,f
everywhere,1744,56.39,44,f
advise,1745,56.39,44,f
household,1746,56.39,44,f
acknowledge,1747,56.39,44,f
reward,1748,56.38,43,f
east,1749,56.38,43,f
hat,1750,56.38,43,f
academic,1751,56.37,43,f
voter,1752,56.37,43,f
meanwhile,1753,56.36,43,f
furthermore,1754,56.36,43,f
accuse,1755,56.36,43,f
scientific,1756,56.35,43,f
wage,1757,56.35,43,f
absence,1758,56.35,43,f
construct,1759,56.33,43,f
remark,1760,56.33,43,f
medicine,1761,56.33,43,f
professor,1762,56.33,43,f
rare,1763,56.33,43,f
intention,1764,56.33,43,f
dozen,1765,56.32,43,f
settlement,1766,56.32,43,f
gap,1767,56.32,43,f
widely,1768,56.3,43,f
minimum,1769,56.3,43,f
northern,1770,56.3,43,f
estate,1771,56.3,43,f
equally,1772,56.29,43,f
expose,1773,56.29,43,f
alive,1774,56.29,43,f
shut,1775,56.28,42,f
victory,1776,56.27,42,f
resolve,1777,56.27,42,f
critic,1778,56.27,42,f
variable,1779,56.26,42,f
enormous,1780,56.26,42,f
sweet,1781,56.26,42,f
permanent,1782,56.25,42,f
emotion,1783,56.25,42,f
pursue,1784,56.25,42,f
tall,1785,56.24,42,f
urge,1786,56.24,42,f
enemy,1787,56.24,42,f
appoint,1788,56.23,42,f
milk,1789,56.23,42,f
talent,1790,56.23,42,f
smell,1791,56.22,42,f
prior,1792,56.22,42,f
priority,1793,56.22,42,f
online,1794,56.22,42,f
phrase,1795,56.19,42,f
pilot,1796,56.19,42,f
stable,1797,56.19,42,f
merely,1798,56.18,42,f
resolution,1799,56.18,42,f
communicate,1800,56.18,42,f
injury,1801,56.17,41,g
vast,1802,56.17,41,g
exhibition,1803,56.17,41,g
producer,1804,56.17,41,g
regional,1805,56.17,41,g
immediate,1806,56.16,41,g
incident,1807,56.16,41,g
childhood,1808,56.16,41,g
draft,1809,56.16,41,g
slip,1810,56.16,41,g
accompany,1811,56.16,41,g
politician,1812,56.15,41,g
angry,1813,56.15,41,g
knock,1814,56.15,41,g
seed,1815,56.15,41,g
salary,1816,56.15,41,g
illustrate,1817,56.13,41,g
imply,1818,56.13,41,g
breakfast,1819,56.13,41,g
temporary,1820,56.12,41,g
liberal,1821,56.12,41,g
lake,1822,56.11,41,g
qualify,1823,56.11,41,g
competitive,1824,56.1,41,g
truly,1825,56.09,41,g
hi,1826,56.08,41,g
yellow,1827,56.08,41,g
habit,1828,56.08,41,g
disk,1829,56.08,41,g
core,1830,56.08,41,g
emotional,1831,56.08,41,g
aircraft,1832,56.07,40,g
self,1833,56.07,40,g
metal,1834,56.07,40,g
existence,1835,56.07,40,g
bone,1836,56.06,40,g
panel,1837,56.05,40,g
prime,1838,56.05,40,g
appointment,1839,56.04,40,g
emphasize,1840,56.03,40,g
maximum,1841,56.03,40,g
effectively,1842,56.02,40,g
elsewhere,1843,56.01,40,g
bother,1844,56.01,40,g
initiative,1845,56.01,40,g
sharp,1846,56.01,40,g
diet,1847,56,40,g
motion,1848,56,40,g
gray,1849,56,40,g
plastic,1850,56,40,g
complicate,1851,55.99,40,g
discipline,1852,55.99,40,g
disappoint,1853,55.99,40,g
boss,1854,55.98,40,g
assumption,1855,55.98,40,g
freeze,1856,55.98,40,g
extreme,1857,55.98,40,g
passage,1858,55.98,40,g
reputation,1859,55.98,40,g
forth,1860,55.98,40,g
negotiation,1861,55.97,40,g
mechanism,1862,55.96,39,g
coat,1863,55.96,39,g
democracy,1864,55.96,39,g
pocket,1865,55.96,39,g
lucky,1866,55.96,39,g
crash,1867,55.96,39,g
observation,1868,55.96,39,g
meat,1869,55.95,39,g
concentration,1870,55.95,39,g
implication,1871,55.95,39,g
deserve,1872,55.94,39,g
unusual,1873,55.94,39,g
defend,1874,55.94,39,g
classic,1875,55.93,39,g
king,1876,55.93,39,g
interaction,1877,55.92,39,g
repair,1878,55.92,39,g
collapse,1879,55.92,39,g
borrow,1880,55.92,39,g
fundamental,1881,55.9,39,g
dish,1882,55.89,39,g
abroad,1883,55.89,39,g
soul,1884,55.89,39,g
capable,1885,55.88,39,g
defeat,1886,55.88,39,g
presidential,1887,55.87,39,g
perfectly,1888,55.87,39,g
enhance,1889,55.87,39,g
proud,1890,55.87,39,g
emergency,1891,55.87,39,g
educational,1892,55.87,39,g
distinguish,1893,55.86,39,g
substantial,1894,55.86,39,g
nearby,1895,55.85,38,g
manufacturer,1896,55.85,38,g
slide,1897,55.85,38,g
valuable,1898,55.85,38,g
personally,1899,55.85,38,g
breast,1900,55.85,38,g
cope,1901,55.83,38,g
approximately,1902,55.83,38,g
accommodation,1903,55.83,38,g
highlight,1904,55.83,38,g
reporter,1905,55.83,38,g
climate,1906,55.83,38,g
shirt,1907,55.82,38,g
exception,1908,55.82,38,g
corporation,1909,55.82,38,g
chip,1910,55.81,38,g
winner,1911,55.81,38,g
encounter,1912,55.81,38,g
brown,1913,55.81,38,g
breathe,1914,55.81,38,g
excuse,1915,55.8,38,g
partly,1916,55.8,38,g
tennis,1917,55.79,38,g
urban,1918,55.79,38,g
confuse,1919,55.79,38,g
southern,1920,55.79,38,g
output,1921,55.79,38,g
beauty,1922,55.79,38,g
massive,1923,55.79,38,g
install,1924,55.78,38,g
calculate,1925,55.78,38,g
mouse,1926,55.78,38,g
mathematics,1927,55.77,38,g
upper,1928,55.77,38,g
creation,1929,55.76,38,g
occupy,1930,55.76,38,g
outline,1931,55.76,38,g
sufficient,1932,55.76,38,g
update,1933,55.76,38,g
luck,1934,55.75,38,g
preserve,1935,55.75,38,g
split,1936,55.75,38,g
swing,1937,55.75,38,g
illness,1938,55.75,38,g
journalist,1939,55.75,38,g
sudden,1940,55.75,38,g
advertisement,1941,55.74,38,g
consistent,1942,55.74,38,g
originally,1943,55.73,37,g
aside,1944,55.73,37,g
comfort,1945,55.71,37,g
secondly,1946,55.71,37,g
severe,1947,55.7,37,g
gene,1948,55.7,37,g
prospect,1949,55.7,37,g
snow,1950,55.7,37,g
plot,1951,55.7,37,g
neck,1952,55.69,37,g
criteria,1953,55.67,37,g
primarily,1954,55.67,37,g
integrate,1955,55.67,37,g
criticism,1956,55.66,37,g
convention,1957,55.66,37,g
bet,1958,55.66,37,g
retain,1959,55.66,37,g
sequence,1960,55.66,37,g
plain,1961,55.65,37,g
volunteer,1962,55.64,37,g
rural,1963,55.64,37,g
calm,1964,55.64,37,g
abandon,1965,55.64,37,g
examination,1966,55.64,37,g
silence,1967,55.64,37,g
rapidly,1968,55.63,37,g
efficient,1969,55.62,37,g
revolution,1970,55.62,36,g
delight,1971,55.62,36,g
spell,1972,55.61,36,g
premise,1973,55.61,36,g
lean,1974,55.6,36,g
dramatic,1975,55.6,36,g
differ,1976,55.59,36,g
grateful,1977,55.59,36,g
protein,1978,55.59,36,g
bike,1979,55.59,36,g
distribute,1980,55.58,36,g
intellectual,1981,55.58,36,g
derive,1982,55.58,36,g
crucial,1983,55.58,36,g
unemployment,1984,55.57,36,g
wheel,1985,55.57,36,g
crop,1986,55.57,36,g
minority,1987,55.57,36,g
origin,1988,55.57,36,g
interpretation,1989,55.57,36,g
gentleman,1990,55.56,36,g
drama,1991,55.56,36,g
landscape,1992,55.56,36,g
educate,1993,55.56,36,g
toy,1994,55.55,36,g
fault,1995,55.55,36,g
exhibit,1996,55.55,36,g
minor,1997,55.54,36,g
hunt,1998,55.53,36,g
storm,1999,55.53,36,g
thick,2000,55.53,36,g
achievement,2001,55.53,36,g
negotiate,2002,55.53,36,g
dominate,2003,55.52,36,g
supplier,2004,55.51,36,g
prize,2005,55.51,36,g
typically,2006,55.51,36,g
peer,2007,55.51,36,g
pension,2008,55.51,36,g
wing,2009,55.51,36,g
acquisition,2010,55.51,36,g
laughter,2011,55.5,36,g
deeply,2012,55.5,36,g
recognition,2013,55.5,35,g
electricity,2014,55.5,35,g
assistance,2015,55.5,35,g
roof,2016,55.5,35,g
retirement,2017,55.5,35,g
respectively,2018,55.49,35,g
variation,2019,55.49,35,g
ultimately,2020,55.49,35,g
proof,2021,55.48,35,g
soil,2022,55.48,35,g
smart,2023,55.48,35,g
layer,2024,55.48,35,g
upset,2025,55.48,35,g
tooth,2026,55.47,35,g
representation,2027,55.47,35,g
preparation,2028,55.47,35,g
dispute,2029,55.47,35,g
agenda,2030,55.46,35,g
emphasis,2031,55.46,35,g
edition,2032,55.46,35,g
silver,2033,55.46,35,g
entertainment,2034,55.46,35,g
honest,2035,55.46,35,g
undertake,2036,55.44,35,g
retail,2037,55.44,35,g
wire,2038,55.44,35,g
unlikely,2039,55.44,35,g
gay,2040,55.43,35,g
publication,2041,55.43,35,g
slight,2042,55.43,35,g
unknown,2043,55.43,35,g
framework,2044,55.42,35,g
zone,2045,55.42,35,g
restrict,2046,55.42,35,g
trace,2047,55.41,35,g
inch,2048,55.41,35,g
equivalent,2049,55.41,35,g
solid,2050,55.39,35,g
enterprise,2051,55.39,35,g
elderly,2052,55.39,35,g
owe,2053,55.39,35,g
governor,2054,55.38,35,g
uniform,2055,55.38,35,g
port,2056,55.37,34,g
pitch,2057,55.37,34,g
arrival,2058,55.37,34,g
contemporary,2059,55.36,34,g
gate,2060,55.36,34,g
ease,2061,55.36,34,g
beer,2062,55.36,34,g
specialist,2063,55.35,34,g
assure,2064,55.35,34,g
profile,2065,55.35,34,g
mood,2066,55.34,34,g
episode,2067,55.34,34,g
crack,2068,55.33,34,g
numerous,2069,55.33,34,g
submit,2070,55.32,34,g
symptom,2071,55.32,34,g
virtually,2072,55.31,34,g
era,2073,55.31,34,g
coverage,2074,55.3,34,g
tension,2075,55.3,34,g
cable,2076,55.29,34,g
sensitive,2077,55.29,34,g
nervous,2078,55.29,34,g
input,2079,55.29,34,g
isolate,2080,55.28,34,g
prisoner,2081,55.27,34,g
eliminate,2082,55.27,34,g
tight,2083,55.27,34,g
wet,2084,55.27,34,g
secondary,2085,55.26,34,g
welfare,2086,55.26,34,g
recruit,2087,55.26,34,g
exclude,2088,55.25,34,g
string,2089,55.25,33,g
cloud,2090,55.25,33,g
persuade,2091,55.25,33,g
inspire,2092,55.24,33,g
grand,2093,55.24,33,g
hence,2094,55.24,33,g
crew,2095,55.23,33,g
phenomenon,2096,55.23,33,g
pupil,2097,55.23,33,g
FALSE,2098,55.23,33,g
assist,2099,55.22,33,g
restore,2100,55.22,33,g
formula,2101,55.21,33,g
alter,2102,55.21,33,g
perceive,2103,55.2,33,g
routine,2104,55.2,33,g
sink,2105,55.19,33,g
stare,2106,55.19,33,g
anymore,2107,55.19,33,g
hero,2108,55.18,33,g
supporter,2109,55.18,33,g
convert,2110,55.18,33,g
steady,2111,55.18,33,g
meter,2112,55.17,33,g
truck,2113,55.17,33,g
nose,2114,55.17,33,g
beside,2115,55.17,33,g
sail,2116,55.17,33,g
disaster,2117,55.17,33,g
pace,2118,55.17,33,g
heavily,2119,55.17,33,g
devote,2120,55.16,33,g
terrorist,2121,55.16,33,g
justify,2122,55.16,33,g
vital,2123,55.16,33,g
fascinate,2124,55.16,33,g
external,2125,55.15,33,g
spare,2126,55.15,33,g
whenever,2127,55.15,33,g
depression,2128,55.14,33,g
guilty,2129,55.14,33,g
underlie,2130,55.14,33,g
mom,2131,55.14,33,g
distinction,2132,55.14,33,g
satisfaction,2133,55.14,33,g
incorporate,2134,55.14,33,g
pour,2135,55.14,33,g
sweep,2136,55.13,33,g
obligation,2137,55.13,33,g
sir,2138,55.12,33,g
evaluate,2139,55.11,32,g
anger,2140,55.1,32,g
pub,2141,55.1,32,g
perception,2142,55.1,32,g
naturally,2143,55.09,32,g
currency,2144,55.09,32,g
database,2145,55.09,32,g
initially,2146,55.09,32,g
territory,2147,55.08,32,g
stream,2148,55.08,32,g
rarely,2149,55.08,32,g
height,2150,55.07,32,g
apparent,2151,55.07,32,g
western,2152,55.07,32,g
expansion,2153,55.06,32,g
constantly,2154,55.06,32,g
muscle,2155,55.06,32,g
scare,2156,55.06,32,g
badly,2157,55.05,32,g
everyday,2158,55.05,32,g
boundary,2159,55.05,32,g
ratio,2160,55.05,32,g
essay,2161,55.05,32,g
scream,2162,55.04,32,g
withdraw,2163,55.03,32,g
pollution,2164,55.03,32,g
disorder,2165,55.03,32,g
furniture,2166,55.02,32,g
symbol,2167,55.01,32,g
apartment,2168,55.01,32,g
demonstration,2169,55.01,32,g
analyst,2170,55,32,g
platform,2171,54.99,32,g
steel,2172,54.99,32,g
cake,2173,54.99,32,g
transform,2174,54.99,32,g
wound,2175,54.98,31,g
restriction,2176,54.98,31,g
foundation,2177,54.98,31,g
designer,2178,54.98,31,g
strain,2179,54.98,31,g
innovation,2180,54.97,31,g
album,2181,54.97,31,g
singer,2182,54.97,31,g
trail,2183,54.96,31,g
trap,2184,54.96,31,g
loose,2185,54.96,31,g
extension,2186,54.95,31,g
wealth,2187,54.95,31,g
gradually,2188,54.95,31,g
tank,2189,54.95,31,g
evil,2190,54.94,31,g
remarkable,2191,54.94,31,g
tune,2192,54.94,31,g
grass,2193,54.94,31,g
invitation,2194,54.94,31,g
transition,2195,54.94,31,g
frighten,2196,54.93,31,g
bid,2197,54.93,31,g
breed,2198,54.93,31,g
extraordinary,2199,54.93,31,g
brilliant,2200,54.93,31,g
adviser,2201,54.93,31,h
stem,2202,54.93,31,h
reverse,2203,54.92,31,h
mode,2204,54.92,31,h
mirror,2205,54.92,31,h
awful,2206,54.92,31,h
pose,2207,54.92,31,h
adjust,2208,54.92,31,h
creative,2209,54.91,31,h
nowadays,2210,54.91,31,h
poem,2211,54.91,31,h
agricultural,2212,54.91,31,h
competitor,2213,54.91,31,h
alcohol,2214,54.91,31,h
festival,2215,54.9,31,h
vegetable,2216,54.9,31,h
van,2217,54.9,31,h
confident,2218,54.9,31,h
planet,2219,54.88,31,h
curve,2220,54.88,31,h
knee,2221,54.88,31,h
overcome,2222,54.88,31,h
web,2223,54.87,31,h
depth,2224,54.87,31,h
entrance,2225,54.86,31,h
log,2226,54.86,31,h
giant,2227,54.86,31,h
god,2228,54.85,31,h
portion,2229,54.85,31,h
substance,2230,54.85,31,h
extensive,2231,54.85,31,h
interpret,2232,54.84,30,h
independence,2233,54.83,30,h
sugar,2234,54.83,30,h
inner,2235,54.83,30,h
harm,2236,54.82,30,h
consult,2237,54.82,30,h
pink,2238,54.81,30,h
shadow,2239,54.81,30,h
strip,2240,54.81,30,h
smooth,2241,54.81,30,h
intervention,2242,54.81,30,h
impress,2243,54.81,30,h
exam,2244,54.81,30,h
vice,2245,54.81,30,h
radical,2246,54.8,30,h
similarly,2247,54.8,30,h
behave,2248,54.8,30,h
loud,2249,54.8,30,h
dimension,2250,54.8,30,h
subsequent,2251,54.79,30,h
infection,2252,54.79,30,h
jacket,2253,54.78,30,h
efficiency,2254,54.78,30,h
dirty,2255,54.78,30,h
statistic,2256,54.78,30,h
regularly,2257,54.78,30,h
resort,2258,54.78,30,h
iron,2259,54.77,30,h
broadcast,2260,54.77,30,h
membership,2261,54.77,30,h
bread,2262,54.77,30,h
blind,2263,54.77,30,h
pure,2264,54.76,30,h
bloody,2265,54.76,30,h
ally,2266,54.76,30,h
quantity,2267,54.76,30,h
bend,2268,54.76,30,h
mature,2269,54.75,30,h
briefly,2270,54.75,30,h
alarm,2271,54.75,30,h
disturb,2272,54.74,30,h
sustain,2273,54.74,30,h
flood,2274,54.74,30,h
poverty,2275,54.73,30,h
crazy,2276,54.73,30,h
cite,2277,54.73,30,h
newly,2278,54.72,30,h
parallel,2279,54.72,30,h
gender,2280,54.72,30,h
sponsor,2281,54.72,30,h
boot,2282,54.71,30,h
accurate,2283,54.7,30,h
dealer,2284,54.69,29,h
button,2285,54.69,29,h
burden,2286,54.69,29,h
desert,2287,54.69,29,h
mate,2288,54.69,29,h
occasionally,2289,54.68,29,h
shareholder,2290,54.68,29,h
bowl,2291,54.67,29,h
discovery,2292,54.67,29,h
resistance,2293,54.67,29,h
bath,2294,54.66,29,h
frequency,2295,54.66,29,h
criticize,2296,54.66,29,h
tap,2297,54.65,29,h
philosophy,2298,54.65,29,h
lip,2299,54.64,29,h
attribute,2300,54.64,29,h
apologize,2301,54.64,29,h
approval,2302,54.63,29,h
grab,2303,54.63,29,h
entitle,2304,54.63,29,h
lend,2305,54.63,29,h
involvement,2306,54.63,29,h
exposure,2307,54.63,29,h
conventional,2308,54.62,29,h
digital,2309,54.62,29,h
translate,2310,54.61,29,h
edit,2311,54.6,29,h
formation,2312,54.6,29,h
deposit,2313,54.6,29,h
pleasant,2314,54.58,29,h
overseas,2315,54.58,29,h
advocate,2316,54.58,29,h
establishment,2317,54.57,29,h
summary,2318,54.56,29,h
rough,2319,54.56,29,h
pen,2320,54.55,29,h
recovery,2321,54.55,28,h
seal,2322,54.55,28,h
tube,2323,54.55,28,h
tower,2324,54.54,28,h
characterize,2325,54.54,28,h
specify,2326,54.53,28,h
exact,2327,54.52,28,h
spin,2328,54.52,28,h
operator,2329,54.51,28,h
infant,2330,54.51,28,h
dig,2331,54.5,28,h
drag,2332,54.5,28,h
mount,2333,54.5,28,h
wrap,2334,54.5,28,h
anticipate,2335,54.5,28,h
dependent,2336,54.5,28,h
specialize,2337,54.5,28,h
angle,2338,54.49,28,h
chicken,2339,54.49,28,h
anxiety,2340,54.49,28,h
virus,2341,54.48,28,h
precisely,2342,54.48,28,h
rival,2343,54.48,28,h
offense,2344,54.48,28,h
detect,2345,54.48,28,h
teenager,2346,54.47,28,h
admire,2347,54.47,28,h
moderate,2348,54.46,28,h
surgery,2349,54.46,28,h
musician,2350,54.46,28,h
significance,2351,54.46,28,h
shower,2352,54.45,28,h
illegal,2353,54.45,28,h
charity,2354,54.44,28,h
universal,2355,54.44,28,h
cigarette,2356,54.44,28,h
constitute,2357,54.44,28,h
adequate,2358,54.44,28,h
consultant,2359,54.44,28,h
historian,2360,54.44,28,h
cousin,2361,54.43,28,h
visual,2362,54.43,28,h
stupid,2363,54.43,28,h
keen,2364,54.42,28,h
ethnic,2365,54.41,28,h
twin,2366,54.41,28,h
clinical,2367,54.41,28,h
eastern,2368,54.4,28,h
forecast,2369,54.4,28,h
segment,2370,54.4,28,h
custom,2371,54.4,28,h
adapt,2372,54.4,28,h
sand,2373,54.39,28,h
cap,2374,54.39,27,h
prompt,2375,54.38,27,h
charm,2376,54.38,27,h
react,2377,54.38,27,h
lecture,2378,54.37,27,h
venture,2379,54.37,27,h
compound,2380,54.37,27,h
rescue,2381,54.37,27,h
mess,2382,54.36,27,h
preference,2383,54.36,27,h
comprehensive,2384,54.35,27,h
incentive,2385,54.35,27,h
league,2386,54.33,27,h
dialog,2387,54.33,27,h
cream,2388,54.33,27,h
rapid,2389,54.32,27,h
cancel,2390,54.32,27,h
regret,2391,54.32,27,h
dismiss,2392,54.32,27,h
margin,2393,54.32,27,h
beneath,2394,54.32,27,h
opponent,2395,54.31,27,h
resist,2396,54.3,27,h
capability,2397,54.3,27,h
absolute,2398,54.3,27,h
correspond,2399,54.3,27,h
stroke,2400,54.3,27,h
dare,2401,54.3,27,h
barrier,2402,54.3,27,h
rid,2403,54.29,27,h
divorce,2404,54.27,27,h
ruin,2405,54.26,27,h
bury,2406,54.26,27,h
counsel,2407,54.26,27,h
tendency,2408,54.26,27,h
frequent,2409,54.26,27,h
motor,2410,54.25,27,h
survival,2411,54.25,27,h
counter,2412,54.25,27,h
possess,2413,54.25,27,h
permission,2414,54.24,27,h
valley,2415,54.24,27,h
float,2416,54.24,27,h
mad,2417,54.24,27,h
greatly,2418,54.23,27,h
visible,2419,54.23,26,h
electric,2420,54.23,26,h
impressive,2421,54.22,26,h
evolution,2422,54.21,26,h
awareness,2423,54.21,26,h
violent,2424,54.21,26,h
slave,2425,54.21,26,h
wealthy,2426,54.21,26,h
architecture,2427,54.21,26,h
acceptable,2428,54.21,26,h
journal,2429,54.21,26,h
coal,2430,54.21,26,h
measurement,2431,54.21,26,h
random,2432,54.21,26,h
successfully,2433,54.19,26,h
depress,2434,54.19,26,h
illustration,2435,54.18,26,h
burst,2436,54.18,26,h
privilege,2437,54.18,26,h
buyer,2438,54.18,26,h
mutual,2439,54.18,26,h
rail,2440,54.17,26,h
motivate,2441,54.16,26,h
laboratory,2442,54.15,26,h
mortgage,2443,54.15,26,h
promotion,2444,54.14,26,h
passion,2445,54.14,26,h
champion,2446,54.13,26,h
fulfill,2447,54.13,26,h
dust,2448,54.13,26,h
dedicate,2449,54.12,26,h
roughly,2450,54.12,26,h
skirt,2451,54.12,26,h
province,2452,54.12,26,h
march,2453,54.11,26,h
evaluation,2454,54.11,26,h
compromise,2455,54.11,26,h
accomplish,2456,54.11,26,h
weakness,2457,54.11,26,h
announcement,2458,54.11,26,h
salt,2459,54.11,26,h
glance,2460,54.1,26,h
opera,2461,54.1,26,h
contest,2462,54.1,26,h
brush,2463,54.1,26,h
embarrass,2464,54.09,26,h
gallery,2465,54.09,26,h
genetic,2466,54.09,26,h
aggressive,2467,54.09,26,h
chest,2468,54.09,26,h
format,2469,54.08,26,h
literary,2470,54.08,26,h
govern,2471,54.08,26,h
embrace,2472,54.06,25,h
praise,2473,54.05,25,h
silent,2474,54.05,25,h
pump,2475,54.04,25,h
publisher,2476,54.04,25,h
celebration,2477,54.04,25,h
golf,2478,54.04,25,h
compensation,2479,54.04,25,h
classical,2480,54.04,25,h
weigh,2481,54.03,25,h
versus,2482,54.03,25,h
deficit,2483,54.02,25,h
modify,2484,54.02,25,h
flash,2485,54.02,25,h
friendship,2486,54.02,25,h
profession,2487,54.01,25,h
literally,2488,54.01,25,h
equation,2489,54.01,25,h
gesture,2490,54.01,25,h
entertain,2491,54,25,h
fantastic,2492,54,25,h
assign,2493,54,25,h
inflation,2494,54,25,h
historic,2495,54,25,h
injure,2496,53.98,25,h
remote,2497,53.98,25,h
therapy,2498,53.97,25,h
orange,2499,53.97,25,h
twist,2500,53.97,25,h
personnel,2501,53.97,25,h
imagination,2502,53.96,25,h
disagree,2503,53.96,25,h
throat,2504,53.95,25,h
insight,2505,53.94,25,h
tackle,2506,53.94,25,h
forever,2507,53.93,25,h
exceed,2508,53.93,25,h
expenditure,2509,53.93,25,h
joy,2510,53.92,25,h
pregnant,2511,53.91,25,h
reliable,2512,53.91,25,h
gear,2513,53.91,25,h
click,2514,53.91,25,h
poet,2515,53.91,25,h
fortune,2516,53.91,25,h
ceremony,2517,53.9,25,h
pile,2518,53.9,25,h
pig,2519,53.89,25,h
mixture,2520,53.89,25,h
automatically,2521,53.88,24,h
scholar,2522,53.87,24,h
psychological,2523,53.87,24,h
dramatically,2524,53.87,24,h
stake,2525,53.87,24,h
creature,2526,53.87,24,h
partnership,2527,53.87,24,h
participation,2528,53.86,24,h
clause,2529,53.86,24,h
penalty,2530,53.86,24,h
chamber,2531,53.86,24,h
fancy,2532,53.86,24,h
poetry,2533,53.86,24,h
chat,2534,53.85,24,h
clothing,2535,53.85,24,h
evolve,2536,53.85,24,h
sake,2537,53.85,24,h
shelf,2538,53.84,24,h
boost,2539,53.84,24,h
tail,2540,53.83,24,h
possession,2541,53.83,24,h
abortion,2542,53.83,24,h
curious,2543,53.83,24,h
wooden,2544,53.82,24,h
boom,2545,53.82,24,h
tale,2546,53.82,24,h
democratic,2547,53.81,24,h
maintenance,2548,53.8,24,h
consequently,2549,53.8,24,h
pot,2550,53.8,24,h
cow,2551,53.79,24,h
strengthen,2552,53.79,24,h
whilst,2553,53.79,24,h
constraint,2554,53.79,24,h
fold,2555,53.79,24,h
bin,2556,53.79,24,h
undergo,2557,53.79,24,h
potentially,2558,53.78,24,h
scope,2559,53.78,24,h
pretend,2560,53.78,24,h
diversity,2561,53.77,24,h
allege,2562,53.77,24,h
pride,2563,53.76,24,h
intense,2564,53.76,24,h
inquiry,2565,53.75,24,h
resign,2566,53.75,24,h
craft,2567,53.75,24,h
strict,2568,53.75,24,h
concrete,2569,53.74,24,h
shell,2570,53.74,24,h
damn,2571,53.72,24,h
distinct,2572,53.72,24,h
humor,2573,53.71,24,h
limitation,2574,53.71,24,h
indication,2575,53.71,23,h
stability,2576,53.7,23,h
wise,2577,53.7,23,h
neglect,2578,53.7,23,h
compose,2579,53.7,23,h
jail,2580,53.7,23,h
shelter,2581,53.69,23,h
mere,2582,53.69,23,h
carbon,2583,53.69,23,h
regulate,2584,53.69,23,h
cheese,2585,53.68,23,h
trigger,2586,53.68,23,h
pipe,2587,53.67,23,h
destruction,2588,53.67,23,h
guitar,2589,53.67,23,h
flag,2590,53.67,23,h
piano,2591,53.66,23,h
magic,2592,53.66,23,h
mystery,2593,53.66,23,h
ski,2594,53.66,23,h
whisper,2595,53.65,23,h
rear,2596,53.65,23,h
menu,2597,53.65,23,h
species,2598,53.64,23,h
moon,2599,53.64,23,h
presumably,2600,53.64,23,h
bless,2601,53.64,23,h
airline,2602,53.64,23,h
amendment,2603,53.63,23,h
grandmother,2604,53.63,23,h
jury,2605,53.62,23,h
cooperation,2606,53.62,23,h
civilian,2607,53.61,23,h
composition,2608,53.61,23,h
coin,2609,53.6,23,h
regardless,2610,53.6,23,h
scan,2611,53.59,23,h
bunch,2612,53.59,23,h
racial,2613,53.58,23,h
greet,2614,53.58,23,h
hopefully,2615,53.58,23,h
sanction,2616,53.58,23,h
trick,2617,53.58,23,h
paragraph,2618,53.58,23,h
maker,2619,53.57,23,h
chocolate,2620,53.56,23,h
stimulate,2621,53.56,23,h
belt,2622,53.56,23,h
potato,2623,53.55,23,h
narrative,2624,53.55,23,h
tissue,2625,53.55,23,h
barely,2626,53.54,23,h
invent,2627,53.54,23,h
tourism,2628,53.54,23,h
pro,2629,53.53,23,h
stair,2630,53.53,23,h
hesitate,2631,53.52,23,h
shine,2632,53.52,23,h
motivation,2633,53.52,23,h
romantic,2634,53.51,22,h
firmly,2635,53.51,22,h
interior,2636,53.51,22,h
stomach,2637,53.51,22,h
nowhere,2638,53.5,22,h
pray,2639,53.49,22,h
championship,2640,53.48,22,h
servant,2641,53.48,22,h
immigrant,2642,53.48,22,h
excess,2643,53.48,22,h
complexity,2644,53.47,22,h
liability,2645,53.47,22,h
surprisingly,2646,53.46,22,h
extract,2647,53.46,22,h
implementation,2648,53.45,22,h
bias,2649,53.44,22,h
differently,2650,53.44,22,h
catalog,2651,53.43,22,h
continuous,2652,53.43,22,h
golden,2653,53.42,22,h
stamp,2654,53.42,22,h
guideline,2655,53.41,22,h
envelope,2656,53.41,22,h
knife,2657,53.41,22,h
biological,2658,53.4,22,h
consume,2659,53.4,22,h
luxury,2660,53.39,22,h
weekly,2661,53.39,22,h
wherever,2662,53.39,22,h
bite,2663,53.38,22,h
printer,2664,53.38,22,h
firstly,2665,53.38,22,h
anxious,2666,53.38,22,h
adventure,2667,53.38,22,h
fence,2668,53.37,22,h
exhaust,2669,53.36,22,h
attraction,2670,53.36,22,h
ocean,2671,53.36,22,h
quietly,2672,53.36,22,h
castle,2673,53.36,22,h
veteran,2674,53.35,22,h
reflection,2675,53.35,22,h
nerve,2676,53.35,22,h
determination,2677,53.34,22,h
altogether,2678,53.34,22,h
fiction,2679,53.33,22,h
carpet,2680,53.31,21,h
cluster,2681,53.31,21,h
confusion,2682,53.29,21,h
hurry,2683,53.29,21,h
logic,2684,53.29,21,h
controversial,2685,53.28,21,h
raw,2686,53.28,21,h
grammar,2687,53.26,21,h
revise,2688,53.26,21,h
hint,2689,53.26,21,h
hook,2690,53.25,21,h
bell,2691,53.25,21,h
liquid,2692,53.24,21,h
panic,2693,53.24,21,h
uncle,2694,53.23,21,h
rice,2695,53.22,21,h
slope,2696,53.22,21,h
happiness,2697,53.21,21,h
genuine,2698,53.21,21,h
vessel,2699,53.2,21,h
verb,2700,53.2,21,h
reckon,2701,53.19,21,h
silly,2702,53.18,21,h
transportation,2703,53.18,21,h
harbor,2704,53.18,21,h
comedy,2705,53.17,21,h
chase,2706,53.17,21,h
storage,2707,53.16,21,h
universe,2708,53.16,21,h
horrible,2709,53.16,21,h
sheep,2710,53.16,21,h
lover,2711,53.16,21,h
rat,2712,53.15,21,h
portrait,2713,53.15,21,h
innocent,2714,53.15,21,h
substitute,2715,53.14,21,h
supplement,2716,53.14,21,h
adjustment,2717,53.13,21,h
reasonably,2718,53.13,21,h
filter,2719,53.13,21,h
flexible,2720,53.13,21,h
abstract,2721,53.12,21,h
tent,2722,53.11,20,h
precise,2723,53.11,20,h
distant,2724,53.1,20,h
stranger,2725,53.1,20,h
shade,2726,53.09,20,h
grain,2727,53.07,20,h
situate,2728,53.07,20,h
summarize,2729,53.07,20,h
leap,2730,53.07,20,h
snap,2731,53.06,20,h
probability,2732,53.06,20,h
leather,2733,53.05,20,h
uncertainty,2734,53.04,20,h
swear,2735,53.04,20,h
refugee,2736,53.03,20,h
shore,2737,53.02,20,h
monthly,2738,52.99,20,h
comprise,2739,52.98,20,h
stir,2740,52.98,20,h
excitement,2741,52.96,20,h
sigh,2742,52.95,20,h
pregnancy,2743,52.95,20,h
experimental,2744,52.95,20,h
institutional,2745,52.94,20,h
slice,2746,52.94,20,h
wander,2747,52.94,20,h
empire,2748,52.93,20,h
subsequently,2749,52.93,20,h
gentle,2750,52.91,20,h
attendance,2751,52.9,19,h
ownership,2752,52.89,19,h
qualification,2753,52.89,19,h
suspend,2754,52.88,19,h
functional,2755,52.87,19,h
voluntary,2756,52.86,19,h
pale,2757,52.86,19,h
stain,2758,52.86,19,h
athlete,2759,52.85,19,h
organic,2760,52.85,19,h
tongue,2761,52.85,19,h
server,2762,52.82,19,h
structural,2763,52.82,19,h
website,2764,52.82,19,h
fool,2765,52.81,19,h
alongside,2766,52.81,19,h
unite,2767,52.8,19,h
gently,2768,52.79,19,h
compute,2769,52.78,19,h
wipe,2770,52.76,19,h
weird,2771,52.75,19,h
gaze,2772,52.74,19,h
fade,2773,52.73,19,h
cough,2774,52.73,19,h
hypothesis,2775,52.71,19,h
royal,2776,52.69,19,h
theoretical,2777,52.67,19,h
curtain,2778,52.67,18,h
mayor,2779,52.55,18,h
darkness,2780,52.49,18,h
aunt,2781,52.45,18,h
tournament,2782,52.4,17,h
registration,2783,52.38,17,h
fragment,2784,52.38,17,h
listener,2785,52.32,17,h
immigration,2786,52.28,17,h
tender,2787,52.12,16,h
density,2788,52.05,16,h
ugly,2789,52,16,h
module,2790,51.85,15,h
faithfully,2791,51.79,15,h
autumn,2792,51.75,15,h
cheek,2793,51.73,15,h
attachment,2794,51.69,15,h
holder,2795,51.58,14,h
solar,2796,51.47,14,h
grin,2797,50.96,12,h
rose,2798,50.8,12,h
noun,2799,50.41,11,h
fortunate,2800,50.37,11,h
alright,2801,50.32,11,h
lazy,2802,50.05,10,h
hello,2803,49.89,10,h
hunger,2804,49.7,9,h
insure,2805,49.65,9,h
ashamed,2806,49.28,8,h
found,2807,48.26,7,h
blog,2808,48.19,7,h
thirst,2809,44.79,3,h
